"","Seq","Avg_homol"
"1","CARDLFHQSYYGSGDYPYFDPW",NA
"2","CARAYSDYGDGRLRFYYGLDVW",0.318181818181818
"3","CARVVDYEDVRGSYRFYGLDVW",0.318181818181818
"4","CAREGTYYDGPGSYTNVDSDYW",0.318181818181818
"5","CARDPATGDYPHNYYYFGMDVW",0.363636363636364
"6","CARDRHYSDTTGYYPASWFDPW",0.5
"7","CARGYHGSGLFRSGPIFGLDVW",0.363636363636364
"8","CAREGTYYGGPGSYTNVDSDYW",0.318181818181818
"9","CARENGEYDSAFFYHYYGMDVW",0.272727272727273
"10","CARDSYYYDSTAYPEPYYFDSW",0.454545454545455
"11","CARQIDDSGYSYLEEDYGLDVW",0.363636363636364
"12","CARAGSGTAMLPRYYAYGMDVW",0.272727272727273
"13","CARDVEFSTLDRLPYYYGMDVW",0.363636363636364
"14","CARRRYCGYDCYKTNYYGMDVW",0.272727272727273
"15","CARSIAAAGTPRTYRYYGMDVW",0.272727272727273
"16","CARDRVGEFGEVGFSANWFDAW",0.318181818181818
"17","CARDVGFTLRFGKLLSGYLDPW",0.409090909090909
"18","CARGYCGAGSCFVRRIYDMDVW",0.272727272727273
"19","CARALNLQYYFGSRSDYNMDVW",0.5
"20","CAREEGDCSGGSCYSWYYFEHW",0.363636363636364
"21","CARDRDVYCTRINCYGGDIDYW",0.272727272727273
"22","CASGFCSGGSCYVNFIYGMDVW",0.272727272727273
"23","CASTYYGSGGHYKPYFYAMDVW",0.363636363636364
"24","CARFYDSTSGNFHFHFSGMDAW",0.272727272727273
"25","CARGSSLFRNFDTHRGGGLDVW",0.272727272727273
"26","CASVASIAVAGTEEYYSGMDVW",0.227272727272727
"27","CARHYWDLVVVPSAPRSWFDPW",0.363636363636364
"28","CAKESDDYGHDEQGFLSGLDVW",0.227272727272727
"29","CARVVMFCTATTCFAESGMDVW",0.227272727272727
"30","CANLNGKYCNGTSCFDNYFGPW",0.363636363636364
"31","CASPPVGDIGVRPNPLSSLSIW",0.136363636363636
"32","CARDPGYYNESSGFSY-YFDYW",0.454545454545455
"33","CARVLGPRGYHYGSSDY-FDYW",0.545454545454545
"34","CARVYGYGNYDSSGH-PLFDYW",0.454545454545455
"35","CARVPPSGSSGTYFKGP-FDYW",0.363636363636364
"36","CARVPWFHSGSGSY-YNWFDPW",0.545454545454545
"37","CARESGSGNYRNRFGHYL-DYW",0.318181818181818
"38","CARDRGYCSPETCYQGW-FDPW",0.409090909090909
"39","CARDRITYFYDNTDYIP-FDYW",0.454545454545455
"40","CARDNSYERGKFQHY-YGLDVW",0.363636363636364
"41","CARGGNDGSYNYYLTVD-FDFW",0.363636363636364
"42","CAREGSNYNFLSGFHTP-FDFW",0.363636363636364
"43","CARDYRHSSGYHRARGGM-DVW",0.409090909090909
"44","CARVGVPPNYNILTYYGL-DVW",0.318181818181818
"45","CARELNLYAGELSGEGA-FDSW",0.409090909090909
"46","CARVRVPVGCG-GDCYVDFDFW",0.409090909090909
"47","CARWDIVATMGN-DYYYAMDVW",0.363636363636364
"48","CARASSTHDY-GDPRGSFFDPW",0.409090909090909
"49","CARDQGYDDIWASYS-PQNDYW",0.363636363636364
"50","CARERGSIVGVPAGRGLI-DHW",0.272727272727273
"51","CARGYCDSLNCLFS-PHYFDNW",0.363636363636364
"52","CARDRGYDDIWATYS-PQNDFW",0.318181818181818
"53","CASRRRCSGGACYSESH-FDKW",0.272727272727273
"54","CAR-LRITLLRGAIVGRGMDVW",0.318181818181818
"55","CARRRYYDRIDYFTSDTL-DPW",0.318181818181818
"56","CAREGCSSSTCAAFVSPTDD-W",0.318181818181818
"57","CATGDHTAVVNIFHY-YVMDVW",0.272727272727273
"58","CARAGPLAAA-GTEEHNWFGPW",0.318181818181818
"59","CASGPVARNFDILRNN-YFDAW",0.272727272727273
"60","CSRDGGAAEWEYSGLA-YFHYW",0.363636363636364
"61","CSTAPGGGWLPRYYHYGM-DVW",0.181818181818182
"62","CVREDRRFMTTMVTPRW-FDPW",0.272727272727273
"63","CVLKVVRGRVGRSIQN-YLDSW",0.227272727272727
"64","CVLKVVRGRVGRSVQN-YLDSW",0.227272727272727
"65","CARVGGDVGIYS--YYYGMDVW",0.363636363636364
"66","CARGVELATIW-SGAY-YFDYW",0.454545454545455
"67","CARGVGSSSWYRS-DN-YFDYW",0.5
"68","CARDSASAAGTWG--PRYFDYW",0.454545454545455
"69","CARDQAY--YYDTSGYWAFDSW",0.5
"70","CARDFVVGPTTT--YFYGMDVW",0.363636363636364
"71","CARDHPDDYG--DQYYYGMDVW",0.454545454545455
"72","CARWAGSCTST--SCYTPFDYW",0.363636363636364
"73","CARDSDDF--GSGTTPSWFDPW",0.5
"74","CARGCGSGNIWACS--YGLDVW",0.272727272727273
"75","CARGQIFGFHYSRSE--PFDYW",0.409090909090909
"76","CARLKDWND-GRGHY-YGMDVW",0.409090909090909
"77","CARHRVVGGQSYYY--YAMDVW",0.363636363636364
"78","CAGVDEGGSYYG--YFYGMDVW",0.409090909090909
"79","CARGPFS--GDQPLTPNYFDSW",0.409090909090909
"80","CARAYD--YGDDDQYHYGLDVW",0.363636363636364
"81","CARTGTSFNKWSYYNGV--DVW",0.318181818181818
"82","CARWAGRCINTNC--YFPFDYW",0.318181818181818
"83","CARETKSSDWHH--YYYGMDVW",0.318181818181818
"84","CARGQIFGFHYSRSE--PLDYW",0.363636363636364
"85","CARVRLRGLIIYRPSW--FDPW",0.363636363636364
"86","CVREGGYSSSW-SGVGG-FDYW",0.363636363636364
"87","CARGGARQQLVNQ--YNWFDPW",0.409090909090909
"88","CARAFDSTTSYHLSGWL--DPW",0.409090909090909
"89","CARESSKGWLFRLTGA--FDSW",0.272727272727273
"90","CARDVSHQLSTVRNNW--FDPW",0.454545454545455
"91","CARGQTITF--GGVFEKWFDPW",0.363636363636364
"92","CARDRR--SPKANGKMSHFDQW",0.409090909090909
"93","CARDNIVVEPTAIQNW--FDPW",0.363636363636364
"94","CARAPQMASSSSWNDW--FDPW",0.409090909090909
"95","CARGLGYCA--GTTCHSRFAPW",0.363636363636364
"96","CVRG-FPFFY-GSGSLINMDVW",0.409090909090909
"97","CERLYLGNCSSAGC--YAEDYW",0.318181818181818
"98","CATMSVVREITHY--YYAMDVW",0.227272727272727
"99","CVRELRRKD--GNNISPYLDYW",0.363636363636364
"100","CTRWRGVPRNTMVREY--FDDW",0.272727272727273
"101","CVREAYYDD--GGTNNKAFEHW",0.227272727272727
"102","CARG----YYGLGTYNRYFDYW",0.5
"103","CARDREGYSI---GRY-YFDHW",0.5
"104","CARDFE----GGGDYAYSFDYW",0.545454545454545
"105","CARGSLVPAAGYYGMDV----W",0.318181818181818
"106","CARE----SGDASGGNPILDYW",0.409090909090909
"107","CARDPWLAVA-GVG---YFDYW",0.454545454545455
"108","CAREVPHDD---SG-YNGMDVW",0.409090909090909
"109","CARE----SGDASGGIPILDYW",0.409090909090909
"110","CARGM---S-GSNGIWSFFDYW",0.409090909090909
"111","CARDRV--SMVR-GLYGM-DVW",0.409090909090909
"112","CARGPEG--YYGSGREV--DDW",0.454545454545455
"113","CARDETMVR----GDSDYLDYW",0.409090909090909
"114","CARAKGVAAT-GTEA---FDYW",0.318181818181818
"115","CARSVVR-SQYHM--Y-YFDYW",0.454545454545455
"116","CARGRGHD-Y---GDYEELDFW",0.454545454545455
"117","CARTGG---YCGSTTCPL-DVW",0.409090909090909
"118","CARTVGGAVEALYGM----DVW",0.272727272727273
"119","CARGLVGDNII-SA---YFDAW",0.409090909090909
"120","CAREARP---YNSQ-YFWFDPW",0.454545454545455
"121","CAR----SWVVTGTVVYGMDVW",0.318181818181818
"122","CARGGIVVNHYF---YAM-DVW",0.318181818181818
"123","CARVS---SEYYDRDSGM-DVW",0.363636363636364
"124","CARD----SGPYAADRREFDSW",0.409090909090909
"125","CANGPRD--YNG-GNT-YFDYW",0.409090909090909
"126","CART----SLYRRGGNDYLDFW",0.409090909090909
"127","CARITGNYFDKG-GW---FDPW",0.409090909090909
"128","CARYRLEPPDVYYGMDV----W",0.318181818181818
"129","CARDRVLLWSRPGGM----DVW",0.363636363636364
"130","CATEGFQASYYT-GN---FDYW",0.454545454545455
"131","CARDPVPVHFYH---YEM-DVW",0.363636363636364
"132","CARTA-HN-YDRSG-YFLSD-W",0.454545454545455
"133","CARS----SPATEGYTDLGDFW",0.318181818181818
"134","CARQTSHERWYSVGL----DVW",0.363636363636364
"135","CAREKGFGEPM----DPAFDDW",0.363636363636364
"136","CAGPHGYN-YYNDGK---FDYW",0.363636363636364
"137","CTRSRIEVA--GSEIG--FDYW",0.318181818181818
"138","CVRGALGPAGGFSGM----DVW",0.272727272727273
"139","CAGSRLGP-YTG---YEYFAYW",0.363636363636364
"140","CARGPAVNYYYYYGLEV----W",0.318181818181818
"141","CARDARG--YYFDSRGYKF--W",0.409090909090909
"142","CAK----SGNGLLLYLGVFDPW",0.363636363636364
"143","CASGGFDRK--GT-DAGI-DYW",0.318181818181818
"144","CAGGFDWLFPDYYGMDV----W",0.318181818181818
"145","CARDQDGDYVVSGP-PEY---W",0.409090909090909
"146","CVRGPGPRIVVAKG----FDYW",0.272727272727273
"147","CAGE----SAFGSGSYSWFAPW",0.454545454545455
"148","CARVPEE-S---SRWYGNFESW",0.363636363636364
"149","CARDVNHYSESSGQ-PAY---W",0.454545454545455
"150","CAREGAVVAAKL--DV--FVYW",0.272727272727273
"151","CVRSRIEVA----GDEIGFDIW",0.318181818181818
"152","CARLLA---YCGR-DCDLEDHW",0.409090909090909
"153","CAR---HCSSDNCHNLVL-DSW",0.318181818181818
"154","CARDR-HTTMLNSGVLRY---W",0.409090909090909
"155","CVRGSGPRVLVAAAGDY----W",0.227272727272727
"156","CAKNG-HGLLLWLGV---FDPW",0.363636363636364
"157","CATSY----YYESSGFYLARYW",0.318181818181818
"158","CATVR--QLLAAMRVY--FDHW",0.318181818181818
"159","CTRVGYQLLLG---Y-YAMEVW",0.272727272727273
"160","CAVLDYDILPGYEEGGY----W",0.272727272727273
"161","CARDGC--SG-GSC---YFDYW",0.5
"162","CARGRGG---YSG-YEP--DYW",0.409090909090909
"163","CARGGIL-SYYY-G----FDVW",0.454545454545455
"164","CARPGEL-----SG-YDNFDYW",0.409090909090909
"165","CARDT----YDTSG-YM-FDYW",0.5
"166","CARPS-H----GSGSYC-FDYW",0.5
"167","CARDRYLDS---SG-Y-Y-DYW",0.5
"168","CAREGG---YIYGQ---PFDYW",0.409090909090909
"169","CAR-----SAIL-GPWGYFDYW",0.409090909090909
"170","CAREG---SING--D-PVFDYW",0.454545454545455
"171","CAREY---SAY---DYFYFDYW",0.5
"172","CARVNLD-----GSEDY-FDYW",0.454545454545455
"173","CARETE-----GAGT-PLFDYW",0.409090909090909
"174","CARTTGG---Y-SGAQ--FDPW",0.454545454545455
"175","CAR-----SIGAAGTGW-FDPW",0.409090909090909
"176","CARDRV----Y-S-DYEISDYW",0.454545454545455
"177","CARDGAVVPGRGV-DY-----W",0.363636363636364
"178","CARVTY---YYGSAF---FDPW",0.5
"179","CARDA-----YGSGSSIG-DSW",0.454545454545455
"180","CAR-----SAIL-GPWGYFDQW",0.409090909090909
"181","CAREGAVA-----GH-PVFDFW",0.363636363636364
"182","CARGN----YDYGGNWL--DPW",0.409090909090909
"183","CARGRKLSLWYGL------DVW",0.318181818181818
"184","CARLRFI--Y----DYYVMDVW",0.409090909090909
"185","CAREAPTYKYYVL------DVW",0.318181818181818
"186","CARD----S--GNNVYNWIDPW",0.454545454545455
"187","CAREVDT------GTTGWLDPW",0.318181818181818
"188","CARCRGLNWN----D-PL-DYW",0.318181818181818
"189","CARDRV--SYDNTGYY-Y---W",0.454545454545455
"190","CARA---QYYETSGYLSY---W",0.409090909090909
"191","CARDL--QSSWF-GEFSY---W",0.454545454545455
"192","CAK-----SNYYDRSGYN-DHW",0.363636363636364
"193","CARE----SCSGVSCYSHF--W",0.363636363636364
"194","CVRDVPAA-----GAAL-FDYW",0.318181818181818
"195","CARDRW-----GVGS-PDFDFR",0.409090909090909
"196","CTREVIV------GPTADFDYW",0.272727272727273
"197","CATKGL----YETSNY--FAYW",0.318181818181818
"198","CARDHRVTSFIPGG-Y-----W",0.363636363636364
"199","CAKS---QRPGSGYLPIY---W",0.363636363636364
"200","CA------SHIVVETLQEFDYW",0.272727272727273
"201","CAR------YYPATVNFNLEYW",0.272727272727273
"202","CAIRPWGFFNSIV------DVW",0.227272727272727
"203","CA--LEGQ---GG-YEASFVRW",0.363636363636364
"204","CTREEAVA---GS---PFFHYW",0.318181818181818
"205","CTREALM-----GTILPPDF-W",0.272727272727273
"206","CTTSSDSSGYYSSN-Y-----W",0.272727272727273
"207","CTID----S--SGFYYNWFGRW",0.318181818181818
"208","CTKS---QRPGSG-YLPIH--W",0.318181818181818
"209","CATE-FIVRAQTA---PSN--W",0.227272727272727
